"","rowID","season","matchID","actualTeamBatFirstWin","predO0TeamBatFirstWinMod","predO20TeamBatFirstWinMod","predO26TeamBatFirstWinMod","predO30TeamBatFirstWinMod","predO35TeamBatFirstWinMod","predO26TeamBatFirstWinEOI","predO30TeamBatFirstWinEOI","predO35TeamBatFirstWinEOI","inn1EOIRuns","predO6EOIRuns","predO10EOIRuns","predO15EOIRuns","inn2EOIRuns","predO26EOIRuns","predO30EOIRuns","predO35EOIRuns","errO35Run","errO35Per","errO30Run","errO30Per","errO26Run","errO26Per","errO15Run","errO15Per","errO10Run","errO10Per","errO6Run","errO6Per","correctPredWinEOIO35","correctPredWinEOIO30","correctPredWinEOIO26","correctPredWinModO35","correctPredWinModO30","correctPredWinModO26","correctPredWinModO20","correctPredWinModO0"
"1",1,2015,829710,FALSE,TRUE,TRUE,TRUE,FALSE,FALSE,TRUE,FALSE,TRUE,168,166,151,140,170,144,168,167,-2.77,-1.63,-1.53,-0.9,-25.84,-15.2,-28.43,-16.93,-16.75,-9.97,-1.85,-1.1,FALSE,TRUE,FALSE,TRUE,TRUE,FALSE,FALSE,FALSE
"2",2,2015,829712,TRUE,TRUE,TRUE,TRUE,TRUE,TRUE,TRUE,TRUE,TRUE,150,182,178,141,149,130,138,132,-17,-11.7,-11,-7.1,-19,-13,-9,-6.1,28,18.8,32,21.6,TRUE,TRUE,TRUE,TRUE,TRUE,TRUE,TRUE,TRUE
"3",3,2015,829714,TRUE,TRUE,TRUE,TRUE,TRUE,TRUE,TRUE,TRUE,TRUE,162,134,164,121,136,147,138,135,-1,-0.7,2,1.5,11,8.4,-41,-25.3,2,1.2,-28,-17.3,TRUE,TRUE,TRUE,TRUE,TRUE,TRUE,TRUE,TRUE
"4",4,2015,829716,TRUE,TRUE,TRUE,TRUE,TRUE,TRUE,TRUE,TRUE,TRUE,209,186,196,175,164,165,172,162,-2,-1,8,4.9,1,0.6,-34,-16.3,-13,-6.3,-23,-10.9,TRUE,TRUE,TRUE,TRUE,TRUE,TRUE,TRUE,TRUE
"5",5,2015,829718,FALSE,TRUE,TRUE,TRUE,TRUE,FALSE,TRUE,TRUE,TRUE,177,195,189,155,179,159,162,162,-17,-9.5,-17,-9.3,-20,-11.1,-22,-12.6,12,6.7,18,10,FALSE,FALSE,FALSE,TRUE,FALSE,FALSE,FALSE,FALSE
"6",6,2015,829720,FALSE,FALSE,TRUE,TRUE,TRUE,FALSE,TRUE,TRUE,TRUE,184,181,185,152,186,164,168,172,-14,-7.6,-18,-9.5,-22,-11.9,-32,-17.2,1,0.6,-3,-1.7,FALSE,FALSE,FALSE,TRUE,FALSE,FALSE,FALSE,TRUE
"7",7,2015,829722,TRUE,FALSE,FALSE,TRUE,TRUE,TRUE,TRUE,TRUE,TRUE,177,196,185,154,159,138,131,121,-38,-24.2,-28,-17.6,-21,-13.2,-23,-13.2,8,4.8,19,10.6,TRUE,TRUE,TRUE,TRUE,TRUE,TRUE,FALSE,FALSE
"8",8,2015,829724,FALSE,FALSE,TRUE,FALSE,FALSE,FALSE,FALSE,FALSE,FALSE,166,177,184,136,172,173,177,171,-1,-0.7,5,2.7,1,0.4,-30,-18,18,10.7,11,6.6,TRUE,TRUE,TRUE,TRUE,TRUE,TRUE,FALSE,TRUE
"9",9,2015,829726,FALSE,TRUE,FALSE,FALSE,FALSE,FALSE,TRUE,TRUE,TRUE,164,170,145,120,165,154,163,158,-7,-4.4,-2,-1.3,-11,-6.6,-44,-26.7,-19,-11.7,6,3.8,FALSE,FALSE,FALSE,TRUE,TRUE,TRUE,TRUE,FALSE
"10",10,2015,829728,FALSE,TRUE,TRUE,TRUE,TRUE,FALSE,TRUE,TRUE,TRUE,165,181,158,141,169,143,146,156,-13,-7.8,-23,-13.5,-26,-15.6,-24,-14.8,-7,-4.1,16,9.9,FALSE,FALSE,FALSE,TRUE,FALSE,FALSE,FALSE,FALSE
"11",11,2015,829730,FALSE,TRUE,TRUE,FALSE,TRUE,FALSE,TRUE,TRUE,TRUE,165,169,180,140,169,147,147,153,-16,-9.6,-22,-13.3,-22,-13.2,-25,-15.4,15,9.3,4,2.6,FALSE,FALSE,FALSE,TRUE,FALSE,TRUE,FALSE,FALSE
"12",12,2015,829732,FALSE,FALSE,FALSE,FALSE,FALSE,FALSE,TRUE,FALSE,FALSE,127,154,147,117,131,126,137,127,-4,-2.7,6,4.3,-5,-3.7,-10,-7.9,20,16.1,27,21.5,TRUE,TRUE,FALSE,TRUE,TRUE,TRUE,TRUE,TRUE
"13",13,2015,829734,FALSE,TRUE,TRUE,FALSE,FALSE,FALSE,FALSE,FALSE,FALSE,183,148,157,150,189,198,201,192,3,1.6,12,6.3,9,4.7,-33,-18.2,-26,-14,-35,-19.2,TRUE,TRUE,TRUE,TRUE,TRUE,TRUE,FALSE,FALSE
"14",14,2015,829736,TRUE,TRUE,TRUE,FALSE,TRUE,FALSE,TRUE,TRUE,TRUE,167,166,189,158,163,166,156,152,-11,-7,-7,-4.5,3,1.8,-9,-5.5,22,13.1,-1,-0.5,TRUE,TRUE,TRUE,FALSE,TRUE,FALSE,TRUE,TRUE
"15",15,2015,829738,FALSE,FALSE,FALSE,FALSE,TRUE,FALSE,TRUE,TRUE,TRUE,155,160,160,126,159,151,136,151,-8,-4.9,-23,-14.3,-8,-5.2,-29,-18.8,5,3.3,5,3.1,FALSE,FALSE,FALSE,TRUE,FALSE,TRUE,TRUE,TRUE
"16",16,2015,829740,FALSE,TRUE,FALSE,FALSE,FALSE,FALSE,TRUE,FALSE,FALSE,156,162,152,131,157,140,156,173,16,10,-1,-0.5,-17,-10.7,-25,-16.2,-4,-2.7,6,3.7,TRUE,TRUE,FALSE,TRUE,TRUE,TRUE,TRUE,FALSE
"17",17,2015,829742,TRUE,TRUE,TRUE,TRUE,TRUE,TRUE,TRUE,TRUE,TRUE,209,192,196,171,191,159,164,170,-21,-10.8,-27,-14.2,-32,-16.5,-38,-18.4,-13,-6.3,-17,-8.2,TRUE,TRUE,TRUE,TRUE,TRUE,TRUE,TRUE,TRUE
"18",18,2015,829744,FALSE,FALSE,FALSE,FALSE,FALSE,FALSE,TRUE,FALSE,FALSE,146,151,151,120,147,137,148,148,1,0.6,1,0.8,-10,-6.7,-26,-17.5,5,3.2,5,3.6,TRUE,TRUE,FALSE,TRUE,TRUE,TRUE,TRUE,TRUE
"19",19,2015,829746,FALSE,TRUE,TRUE,TRUE,TRUE,TRUE,TRUE,TRUE,TRUE,191,172,201,161,191,157,149,161,-30,-15.8,-42,-22.2,-34,-17.7,-30,-15.7,10,5.2,-19,-10,FALSE,FALSE,FALSE,FALSE,FALSE,FALSE,FALSE,FALSE
"20",20,2015,829750,TRUE,TRUE,TRUE,TRUE,TRUE,TRUE,TRUE,TRUE,TRUE,181,175,179,155,154,141,150,140,-14,-9,-4,-2.9,-13,-8.6,-26,-14.4,-2,-1.2,-6,-3.1,TRUE,TRUE,TRUE,TRUE,TRUE,TRUE,TRUE,TRUE
"21",21,2015,829752,TRUE,FALSE,TRUE,TRUE,TRUE,FALSE,TRUE,TRUE,TRUE,190,177,166,177,153,171,175,172,19,12.7,22,14.2,18,11.6,-13,-6.7,-24,-12.4,-13,-6.8,TRUE,TRUE,TRUE,FALSE,TRUE,TRUE,TRUE,FALSE
"22",22,2015,829754,FALSE,TRUE,FALSE,FALSE,FALSE,FALSE,TRUE,FALSE,FALSE,130,161,158,111,134,129,141,149,15,11.3,7,5.2,-5,-3.5,-19,-14.3,28,21.9,31,24.2,TRUE,TRUE,FALSE,TRUE,TRUE,TRUE,TRUE,FALSE
"23",23,2015,829756,TRUE,TRUE,TRUE,FALSE,FALSE,FALSE,TRUE,TRUE,TRUE,157,181,178,136,137,148,149,141,4,2.7,12,8.6,11,7.8,-21,-13.3,21,13.7,24,15.5,TRUE,TRUE,TRUE,FALSE,FALSE,FALSE,TRUE,TRUE
"24",24,2015,829758,TRUE,TRUE,TRUE,TRUE,TRUE,TRUE,TRUE,TRUE,TRUE,192,187,205,169,95,150,136,124,29,30.5,41,43.6,55,57.6,-23,-11.9,13,7,-5,-2.7,TRUE,TRUE,TRUE,TRUE,TRUE,TRUE,TRUE,TRUE
"25",25,2015,829764,TRUE,TRUE,FALSE,TRUE,TRUE,TRUE,TRUE,TRUE,TRUE,150,185,180,139,130,131,132,131,1,0.5,2,1.7,1,0.4,-11,-7.5,30,20.2,35,23,TRUE,TRUE,TRUE,TRUE,TRUE,TRUE,FALSE,TRUE
"26",26,2015,829766,TRUE,TRUE,TRUE,TRUE,TRUE,TRUE,TRUE,TRUE,TRUE,171,181,177,133,158,154,163,143,-15,-9.7,5,3.1,-4,-2.6,-38,-22.2,6,3.6,10,6.1,TRUE,TRUE,TRUE,TRUE,TRUE,TRUE,TRUE,TRUE
"27",27,2015,829770,TRUE,TRUE,FALSE,FALSE,FALSE,FALSE,TRUE,TRUE,TRUE,134,185,156,115,132,131,127,123,-9,-7.2,-5,-3.9,-1,-0.9,-19,-14.3,22,16.3,51,38.3,TRUE,TRUE,TRUE,FALSE,FALSE,FALSE,FALSE,TRUE
"28",28,2015,829772,FALSE,TRUE,FALSE,FALSE,FALSE,FALSE,FALSE,FALSE,TRUE,118,126,120,88,119,128,143,123,-9,-7.2,24,20.1,9,7.5,-30,-25.2,2,1.7,8,6.9,TRUE,TRUE,TRUE,FALSE,TRUE,TRUE,TRUE,FALSE
"29",29,2015,829774,TRUE,TRUE,TRUE,TRUE,TRUE,FALSE,TRUE,TRUE,TRUE,187,190,188,144,179,165,171,172,-7,-3.7,-8,-4.3,-14,-7.9,-43,-23.1,1,0.7,3,1.5,TRUE,TRUE,TRUE,FALSE,TRUE,TRUE,TRUE,TRUE
"30",30,2015,829778,TRUE,FALSE,TRUE,TRUE,TRUE,TRUE,TRUE,TRUE,TRUE,192,218,211,168,170,173,178,172,2,1.1,8,4.6,3,2,-24,-12.5,19,9.9,26,13.4,TRUE,TRUE,TRUE,TRUE,TRUE,TRUE,TRUE,FALSE
"31",31,2015,829780,TRUE,TRUE,TRUE,TRUE,TRUE,FALSE,TRUE,TRUE,TRUE,172,200,221,166,149,140,153,153,4,2.8,4,2.8,-9,-6.2,-6,-3.5,49,28.6,28,16.6,TRUE,TRUE,TRUE,FALSE,TRUE,TRUE,TRUE,TRUE
"32",32,2015,829782,TRUE,TRUE,TRUE,TRUE,TRUE,TRUE,TRUE,TRUE,TRUE,189,178,181,155,175,162,151,163,-12,-7,-24,-13.6,-13,-7.3,-34,-18.2,-8,-4.3,-11,-6.1,TRUE,TRUE,TRUE,TRUE,TRUE,TRUE,TRUE,TRUE
"33",33,2015,829784,TRUE,TRUE,FALSE,TRUE,FALSE,FALSE,TRUE,TRUE,TRUE,148,157,165,125,124,126,134,128,4,3.1,10,7.9,2,1.3,-23,-15.3,17,11.7,9,6.1,TRUE,TRUE,TRUE,FALSE,FALSE,TRUE,FALSE,TRUE
"34",34,2015,829786,TRUE,TRUE,TRUE,TRUE,TRUE,TRUE,TRUE,TRUE,TRUE,167,195,186,124,132,137,144,125,-7,-5.1,12,8.9,5,3.7,-43,-25.7,19,11.5,28,16.7,TRUE,TRUE,TRUE,TRUE,TRUE,TRUE,TRUE,TRUE
"35",35,2015,829788,FALSE,FALSE,FALSE,TRUE,TRUE,FALSE,TRUE,TRUE,TRUE,152,169,157,121,153,124,130,141,-12,-8.1,-23,-15.3,-29,-18.6,-31,-20.5,5,3.6,17,11,FALSE,FALSE,FALSE,TRUE,FALSE,FALSE,TRUE,TRUE
"36",36,2015,829790,TRUE,TRUE,TRUE,TRUE,TRUE,FALSE,TRUE,TRUE,TRUE,226,212,225,210,88,171,158,141,-12,-8.1,70,80,83,94.3,-16,-6.9,-1,-0.5,-14,-6.3,FALSE,TRUE,TRUE,TRUE,TRUE,TRUE,TRUE,TRUE
"37",37,2015,829792,TRUE,FALSE,TRUE,TRUE,TRUE,TRUE,TRUE,TRUE,TRUE,201,191,195,159,194,165,170,174,-20,-10.4,-24,-12.2,-29,-14.9,-42,-20.9,-6,-3.2,-10,-5.2,TRUE,TRUE,TRUE,TRUE,TRUE,TRUE,TRUE,FALSE
"38",38,2015,829794,FALSE,FALSE,FALSE,FALSE,FALSE,FALSE,TRUE,TRUE,TRUE,158,177,155,132,159,154,157,143,-16,-10,-2,-1.1,-5,-3.2,-26,-16.3,-3,-2,19,11.9,FALSE,FALSE,FALSE,TRUE,TRUE,TRUE,TRUE,TRUE
"39",39,2015,829796,FALSE,FALSE,TRUE,FALSE,TRUE,FALSE,TRUE,TRUE,TRUE,183,177,171,164,184,174,163,171,-13,-7,-21,-11.6,-10,-5.3,-19,-10.3,-12,-6.5,-6,-3.2,FALSE,FALSE,FALSE,TRUE,FALSE,TRUE,FALSE,TRUE
"40",40,2015,829798,TRUE,TRUE,TRUE,FALSE,TRUE,TRUE,TRUE,TRUE,TRUE,163,163,165,123,157,158,152,144,-13,-8.1,-5,-3,1,0.4,-40,-24.5,2,1.2,0,-0.1,TRUE,TRUE,TRUE,TRUE,TRUE,FALSE,TRUE,TRUE
"41",41,2015,829800,TRUE,FALSE,TRUE,TRUE,TRUE,TRUE,TRUE,TRUE,TRUE,235,166,192,188,196,192,195,197,1,0.6,-1,-0.5,-4,-1.9,-47,-19.9,-43,-18.5,-69,-29.5,TRUE,TRUE,TRUE,TRUE,TRUE,TRUE,TRUE,FALSE
"42",42,2015,829802,TRUE,TRUE,FALSE,FALSE,TRUE,TRUE,TRUE,TRUE,TRUE,157,151,157,146,145,150,147,136,-9,-6.5,2,1.4,5,3.7,-11,-7.3,0,-0.3,-6,-4,TRUE,TRUE,TRUE,TRUE,TRUE,FALSE,FALSE,TRUE
"43",43,2015,829804,TRUE,TRUE,TRUE,TRUE,TRUE,TRUE,TRUE,TRUE,TRUE,185,206,204,177,180,163,154,149,-31,-17.2,-26,-14.6,-17,-9.2,-8,-4.6,19,10.1,21,11.1,TRUE,TRUE,TRUE,TRUE,TRUE,TRUE,TRUE,TRUE
"44",44,2015,829806,FALSE,TRUE,FALSE,FALSE,FALSE,FALSE,TRUE,TRUE,TRUE,119,145,141,117,120,91,108,115,-5,-3.8,-12,-9.8,-29,-24,-2,-1.8,22,18.6,26,22,FALSE,FALSE,FALSE,TRUE,TRUE,TRUE,TRUE,FALSE
"45",45,2015,829810,TRUE,TRUE,TRUE,TRUE,TRUE,FALSE,TRUE,TRUE,TRUE,171,176,162,130,166,154,160,164,-2,-1.5,-6,-3.7,-12,-7.2,-41,-23.9,-9,-5.5,5,3,TRUE,TRUE,TRUE,FALSE,TRUE,TRUE,TRUE,TRUE
"46",46,2015,829814,FALSE,FALSE,FALSE,FALSE,FALSE,FALSE,FALSE,FALSE,FALSE,130,158,140,99,134,135,145,139,5,4,11,8.1,1,0.5,-31,-23.5,10,7.6,28,21.3,TRUE,TRUE,TRUE,TRUE,TRUE,TRUE,TRUE,TRUE
"47",47,2015,829816,TRUE,TRUE,TRUE,TRUE,TRUE,FALSE,TRUE,TRUE,TRUE,199,199,202,159,190,171,179,172,-18,-9.5,-11,-5.7,-19,-10.2,-40,-19.9,3,1.4,0,0,TRUE,TRUE,TRUE,FALSE,TRUE,TRUE,TRUE,TRUE
"48",48,2015,829820,FALSE,FALSE,FALSE,FALSE,FALSE,FALSE,FALSE,FALSE,TRUE,113,142,134,94,114,122,138,172,-18,-9.5,24,21.2,8,7.2,-19,-16.7,21,18.9,29,25.9,TRUE,TRUE,TRUE,FALSE,TRUE,TRUE,TRUE,TRUE
"49",49,2015,829822,TRUE,TRUE,TRUE,TRUE,FALSE,TRUE,TRUE,TRUE,TRUE,187,191,208,169,162,165,176,154,-8,-5.2,14,8.9,3,1.9,-18,-9.6,21,11.4,4,2,TRUE,TRUE,TRUE,TRUE,FALSE,TRUE,TRUE,TRUE
"50",50,2015,829824,TRUE,FALSE,TRUE,TRUE,TRUE,TRUE,TRUE,TRUE,TRUE,180,175,159,154,109,161,164,140,31,28.8,55,50.4,52,48.1,-26,-14.7,-21,-11.8,-5,-2.9,TRUE,TRUE,TRUE,TRUE,TRUE,TRUE,TRUE,FALSE
"51",51,2015,829826,FALSE,FALSE,FALSE,FALSE,FALSE,FALSE,TRUE,FALSE,TRUE,139,150,140,119,140,138,146,132,-8,-5.8,6,4.2,-2,-1.4,-20,-14.7,1,0.4,11,7.9,FALSE,TRUE,FALSE,TRUE,TRUE,TRUE,TRUE,TRUE
"52",52,2015,829828,TRUE,TRUE,TRUE,TRUE,TRUE,TRUE,TRUE,TRUE,TRUE,202,198,214,173,161,167,182,162,1,0.5,21,13.1,6,3.6,-29,-14.2,12,6,-4,-1.9,TRUE,TRUE,TRUE,TRUE,TRUE,TRUE,TRUE,TRUE
"53",53,2016,980906,FALSE,TRUE,FALSE,FALSE,FALSE,FALSE,FALSE,FALSE,FALSE,121,142,117,109,126,140,145,152,26,20.4,19,14.7,14,11.4,-12,-9.6,-4,-2.9,21,17.5,TRUE,TRUE,TRUE,TRUE,TRUE,TRUE,TRUE,FALSE
"54",54,2016,980908,FALSE,FALSE,FALSE,FALSE,FALSE,FALSE,FALSE,FALSE,FALSE,98,139,123,118,99,117,123,121,22,22.3,24,23.8,18,18.2,20,20.9,25,25.3,41,41.7,TRUE,TRUE,TRUE,TRUE,TRUE,TRUE,TRUE,TRUE
"55",55,2016,980910,FALSE,TRUE,TRUE,FALSE,FALSE,FALSE,TRUE,FALSE,FALSE,161,189,180,166,162,142,162,164,2,1.2,0,0,-20,-12.1,5,3.1,19,12.1,28,17.3,TRUE,TRUE,FALSE,TRUE,TRUE,TRUE,FALSE,FALSE
"56",56,2016,980912,TRUE,FALSE,TRUE,TRUE,TRUE,TRUE,TRUE,TRUE,TRUE,227,178,189,219,182,191,197,185,3,1.4,15,8.3,9,4.8,-8,-3.5,-38,-17,-49,-21.6,TRUE,TRUE,TRUE,TRUE,TRUE,TRUE,TRUE,FALSE
"57",57,2016,980914,FALSE,FALSE,TRUE,FALSE,FALSE,FALSE,TRUE,TRUE,TRUE,187,166,172,192,188,163,172,170,-18,-9.4,-16,-8.7,-25,-13.2,5,2.9,-15,-8.2,-21,-11,FALSE,FALSE,FALSE,TRUE,TRUE,TRUE,FALSE,TRUE
"58",58,2016,980916,FALSE,FALSE,FALSE,FALSE,FALSE,FALSE,FALSE,TRUE,FALSE,163,153,182,174,164,168,157,167,3,2,-7,-4.2,4,2.7,11,6.5,19,11.6,-10,-6.3,TRUE,FALSE,TRUE,TRUE,TRUE,TRUE,TRUE,TRUE
"59",59,2016,980918,FALSE,FALSE,FALSE,FALSE,FALSE,FALSE,FALSE,FALSE,FALSE,111,158,131,108,113,112,130,167,3,2,17,14.8,-1,-0.9,-3,-2.7,20,17.7,47,42.6,TRUE,TRUE,TRUE,TRUE,TRUE,TRUE,TRUE,TRUE
"60",60,2016,980920,FALSE,FALSE,FALSE,FALSE,FALSE,FALSE,TRUE,FALSE,FALSE,142,146,124,140,146,141,154,147,1,0.4,8,5.3,-5,-3.1,-2,-1.4,-18,-12.9,4,3,TRUE,TRUE,FALSE,TRUE,TRUE,TRUE,TRUE,TRUE
"61",61,2016,980922,FALSE,TRUE,FALSE,FALSE,FALSE,TRUE,TRUE,TRUE,TRUE,143,153,142,125,147,134,140,128,-19,-12.7,-7,-5,-13,-8.6,-18,-12.5,-1,-0.6,10,7.3,FALSE,FALSE,FALSE,FALSE,TRUE,TRUE,TRUE,FALSE
"62",62,2016,980924,FALSE,FALSE,FALSE,FALSE,FALSE,FALSE,TRUE,TRUE,FALSE,152,147,164,158,153,151,143,155,2,1.6,-10,-6.3,-2,-1.2,6,3.8,12,7.9,-5,-3.5,TRUE,FALSE,FALSE,TRUE,TRUE,TRUE,TRUE,TRUE
"63",63,2016,980926,FALSE,TRUE,TRUE,TRUE,TRUE,FALSE,TRUE,TRUE,TRUE,191,190,198,200,192,159,182,190,-2,-1.3,-10,-5.3,-33,-17.3,9,4.8,7,3.5,-1,-0.8,FALSE,FALSE,FALSE,TRUE,FALSE,FALSE,FALSE,FALSE
"64",64,2016,980928,FALSE,TRUE,FALSE,FALSE,FALSE,FALSE,TRUE,FALSE,TRUE,142,161,141,160,145,126,143,141,-4,-2.6,-2,-1.7,-19,-13.3,18,12.9,-1,-0.6,19,13.5,FALSE,TRUE,FALSE,TRUE,TRUE,TRUE,TRUE,FALSE
"65",65,2016,980930,FALSE,FALSE,FALSE,FALSE,FALSE,FALSE,FALSE,FALSE,FALSE,138,168,142,132,141,159,162,148,7,4.7,21,14.6,18,13.1,-6,-4.4,4,2.9,30,21.9,TRUE,TRUE,TRUE,TRUE,TRUE,TRUE,TRUE,TRUE
"66",66,2016,980932,FALSE,FALSE,FALSE,FALSE,FALSE,FALSE,TRUE,TRUE,TRUE,170,177,190,157,171,159,168,163,-8,-4.6,-3,-1.8,-12,-6.8,-13,-7.4,20,11.5,7,3.8,FALSE,FALSE,FALSE,TRUE,TRUE,TRUE,TRUE,TRUE
"67",67,2016,980934,FALSE,FALSE,FALSE,FALSE,FALSE,FALSE,FALSE,FALSE,FALSE,135,152,157,148,137,153,153,166,29,21.1,16,11.5,16,12,13,9.6,22,16.1,17,12.3,TRUE,TRUE,TRUE,TRUE,TRUE,TRUE,TRUE,TRUE
"68",68,2016,980936,TRUE,TRUE,TRUE,TRUE,TRUE,TRUE,TRUE,TRUE,TRUE,185,173,179,191,172,154,167,165,-7,-3.9,-5,-2.7,-18,-10.7,6,3,-6,-3.1,-12,-6.3,TRUE,TRUE,TRUE,TRUE,TRUE,TRUE,TRUE,TRUE
"69",69,2016,980938,TRUE,FALSE,FALSE,FALSE,FALSE,FALSE,TRUE,TRUE,TRUE,164,167,146,163,154,159,160,159,5,3.5,6,3.6,5,3.3,-1,-0.8,-18,-10.7,3,1.9,TRUE,TRUE,TRUE,FALSE,FALSE,FALSE,FALSE,FALSE
"70",70,2016,980940,FALSE,FALSE,FALSE,FALSE,FALSE,FALSE,FALSE,FALSE,TRUE,143,157,138,140,146,149,153,141,-5,-3.7,7,4.5,3,2,-3,-2.1,-5,-3.6,14,9.7,FALSE,TRUE,TRUE,TRUE,TRUE,TRUE,TRUE,TRUE
"71",71,2016,980942,FALSE,TRUE,TRUE,FALSE,FALSE,FALSE,TRUE,TRUE,FALSE,180,175,170,174,182,177,178,182,0,0.2,-4,-2.5,-5,-2.8,-6,-3.5,-10,-5.8,-5,-2.8,TRUE,FALSE,FALSE,TRUE,TRUE,TRUE,FALSE,FALSE
"72",72,2016,980944,FALSE,FALSE,FALSE,FALSE,FALSE,FALSE,TRUE,TRUE,TRUE,160,131,155,147,162,155,136,156,-6,-4,-26,-15.9,-7,-4.5,-13,-8.4,-5,-2.9,-29,-18.1,FALSE,FALSE,FALSE,TRUE,TRUE,TRUE,TRUE,TRUE
"73",73,2016,980946,TRUE,TRUE,TRUE,TRUE,TRUE,TRUE,TRUE,TRUE,TRUE,189,165,174,197,164,153,165,165,1,0.4,1,0.7,-11,-6.5,8,4.2,-15,-7.9,-24,-12.6,TRUE,TRUE,TRUE,TRUE,TRUE,TRUE,TRUE,TRUE
"74",74,2016,980950,TRUE,FALSE,FALSE,TRUE,TRUE,TRUE,TRUE,TRUE,TRUE,172,185,214,172,171,136,130,155,-16,-9.3,-41,-23.9,-35,-20.4,0,0.2,42,24.3,13,7.6,TRUE,TRUE,TRUE,TRUE,TRUE,TRUE,FALSE,FALSE
"75",75,2016,980952,FALSE,FALSE,TRUE,FALSE,FALSE,FALSE,FALSE,TRUE,TRUE,174,194,171,177,178,174,162,162,-16,-8.8,-16,-8.7,-4,-2,3,1.5,-3,-1.7,20,11.3,FALSE,FALSE,TRUE,TRUE,TRUE,TRUE,FALSE,TRUE
"76",76,2016,980954,FALSE,FALSE,TRUE,FALSE,FALSE,FALSE,TRUE,TRUE,TRUE,195,144,180,188,196,192,187,187,-9,-4.4,-9,-4.8,-4,-2,-7,-3.7,-15,-7.7,-51,-26.1,FALSE,FALSE,FALSE,TRUE,TRUE,TRUE,FALSE,TRUE
"77",77,2016,980956,TRUE,FALSE,TRUE,TRUE,FALSE,TRUE,TRUE,TRUE,TRUE,186,146,152,173,159,161,170,161,2,1.4,11,7,2,1.3,-13,-7,-34,-18.5,-40,-21.3,TRUE,TRUE,TRUE,TRUE,FALSE,TRUE,TRUE,FALSE
"78",78,2016,980958,TRUE,TRUE,TRUE,TRUE,TRUE,TRUE,TRUE,TRUE,TRUE,194,172,175,201,179,167,180,177,-2,-1.4,1,0.6,-12,-6.6,7,3.4,-19,-10,-22,-11.5,TRUE,TRUE,TRUE,TRUE,TRUE,TRUE,TRUE,TRUE
"79",79,2016,980960,TRUE,TRUE,TRUE,TRUE,TRUE,TRUE,TRUE,TRUE,TRUE,154,196,151,151,131,135,121,123,-8,-5.7,-10,-7.6,4,3.3,-3,-1.8,-3,-1.8,42,27.5,TRUE,TRUE,TRUE,TRUE,TRUE,TRUE,TRUE,TRUE
"80",80,2016,980962,FALSE,FALSE,FALSE,FALSE,FALSE,FALSE,TRUE,TRUE,TRUE,159,153,181,167,161,150,142,154,-7,-4.4,-19,-11.9,-11,-6.6,8,5,22,14.1,-6,-3.7,FALSE,FALSE,FALSE,TRUE,TRUE,TRUE,TRUE,TRUE
"81",81,2016,980964,FALSE,FALSE,TRUE,TRUE,TRUE,TRUE,TRUE,TRUE,TRUE,185,165,179,163,189,159,162,160,-29,-15.3,-27,-14.2,-30,-15.8,-22,-11.8,-6,-3.1,-20,-11,FALSE,FALSE,FALSE,FALSE,FALSE,FALSE,FALSE,TRUE
"82",82,2016,980966,FALSE,FALSE,FALSE,FALSE,FALSE,FALSE,FALSE,FALSE,FALSE,149,118,148,145,150,158,154,158,8,5.2,4,2.6,8,5.3,-4,-2.8,-1,-1,-31,-20.9,TRUE,TRUE,TRUE,TRUE,TRUE,TRUE,TRUE,TRUE
"83",83,2016,980968,TRUE,TRUE,TRUE,TRUE,TRUE,FALSE,TRUE,TRUE,TRUE,164,173,171,179,157,138,139,150,-7,-4.2,-18,-11.7,-19,-12.1,15,8.9,7,4.4,9,5.7,TRUE,TRUE,TRUE,FALSE,TRUE,TRUE,TRUE,TRUE
"84",84,2016,980970,FALSE,TRUE,TRUE,FALSE,FALSE,FALSE,TRUE,TRUE,TRUE,162,166,151,157,166,159,160,158,-8,-4.6,-6,-3.6,-7,-4.2,-5,-3,-11,-7.1,4,2.2,FALSE,FALSE,FALSE,TRUE,TRUE,TRUE,FALSE,FALSE
"85",85,2016,980972,FALSE,FALSE,FALSE,FALSE,FALSE,FALSE,TRUE,TRUE,TRUE,126,111,130,127,129,120,110,117,-12,-9.6,-19,-15.1,-9,-6.7,1,0.8,4,2.9,-15,-11.6,FALSE,FALSE,FALSE,TRUE,TRUE,TRUE,TRUE,TRUE
"86",86,2016,980974,FALSE,FALSE,TRUE,TRUE,TRUE,FALSE,TRUE,TRUE,TRUE,191,159,184,191,195,175,173,186,-9,-4.7,-22,-11.3,-20,-10.1,0,-0.1,-7,-3.6,-32,-16.8,FALSE,FALSE,FALSE,TRUE,FALSE,FALSE,FALSE,TRUE
"87",87,2016,980976,TRUE,FALSE,TRUE,FALSE,FALSE,FALSE,TRUE,TRUE,TRUE,181,174,163,168,172,167,173,173,1,0.7,1,0.6,-5,-2.8,-13,-7.4,-18,-10.2,-7,-4.1,TRUE,TRUE,TRUE,FALSE,FALSE,FALSE,TRUE,FALSE
"88",88,2016,980978,TRUE,FALSE,TRUE,TRUE,TRUE,TRUE,TRUE,TRUE,TRUE,177,186,178,168,92,144,137,122,30,32.7,45,48.9,52,56.2,-9,-5.3,1,0.4,9,4.9,TRUE,TRUE,TRUE,TRUE,TRUE,TRUE,TRUE,FALSE
"89",89,2016,980980,FALSE,TRUE,FALSE,FALSE,FALSE,FALSE,TRUE,TRUE,FALSE,158,126,127,147,164,144,156,158,-6,-3.4,-8,-4.9,-20,-12,-11,-7.3,-31,-19.6,-32,-20,TRUE,FALSE,FALSE,TRUE,TRUE,TRUE,TRUE,FALSE
"90",90,2016,980982,TRUE,TRUE,TRUE,TRUE,FALSE,FALSE,TRUE,TRUE,TRUE,175,194,160,168,174,160,173,170,-4,-2.3,-1,-0.8,-14,-8,-7,-3.9,-15,-8.7,19,10.7,TRUE,TRUE,TRUE,FALSE,FALSE,TRUE,TRUE,TRUE
"91",91,2016,980984,TRUE,TRUE,FALSE,TRUE,TRUE,TRUE,TRUE,TRUE,TRUE,137,156,155,149,133,127,133,121,-12,-8.9,0,-0.3,-6,-4.9,12,8.9,18,13.2,19,14,TRUE,TRUE,TRUE,TRUE,TRUE,TRUE,FALSE,TRUE
"92",92,2016,980986,FALSE,FALSE,FALSE,FALSE,FALSE,FALSE,TRUE,TRUE,TRUE,151,141,153,144,153,144,146,136,-17,-11.2,-7,-4.5,-9,-6,-7,-4.8,2,1.4,-10,-6.3,FALSE,FALSE,FALSE,TRUE,TRUE,TRUE,TRUE,TRUE
"93",93,2016,980988,FALSE,TRUE,FALSE,FALSE,FALSE,FALSE,TRUE,FALSE,FALSE,146,188,173,161,150,144,155,149,-1,-0.5,5,3.6,-6,-4.1,15,10.2,27,18.2,42,28.6,TRUE,TRUE,FALSE,TRUE,TRUE,TRUE,TRUE,FALSE
"94",94,2016,980990,FALSE,TRUE,FALSE,FALSE,FALSE,FALSE,TRUE,FALSE,FALSE,124,140,128,123,127,118,131,137,10,7.8,4,3.4,-9,-7.3,-1,-0.7,4,3.1,16,13.2,TRUE,TRUE,FALSE,TRUE,TRUE,TRUE,TRUE,FALSE
"95",95,2016,980992,TRUE,TRUE,TRUE,TRUE,TRUE,TRUE,TRUE,TRUE,TRUE,244,162,172,195,104,194,169,158,54,52.2,65,62.8,90,86.2,-49,-20.2,-72,-29.5,-82,-33.7,TRUE,TRUE,TRUE,TRUE,TRUE,TRUE,TRUE,TRUE
"96",96,2016,980996,FALSE,FALSE,TRUE,FALSE,FALSE,FALSE,TRUE,TRUE,TRUE,179,173,170,173,180,174,171,175,-5,-2.8,-9,-5,-6,-3.1,-6,-3.3,-9,-4.9,-6,-3.6,FALSE,FALSE,FALSE,TRUE,TRUE,TRUE,FALSE,TRUE
"97",97,2016,980998,TRUE,TRUE,TRUE,TRUE,TRUE,TRUE,TRUE,TRUE,TRUE,206,182,181,201,126,168,170,153,27,21,44,34.7,42,33.4,-5,-2.4,-25,-12.1,-24,-11.7,TRUE,TRUE,TRUE,TRUE,TRUE,TRUE,TRUE,TRUE
"98",98,2016,981000,FALSE,TRUE,TRUE,FALSE,FALSE,FALSE,TRUE,TRUE,TRUE,183,177,178,167,186,174,175,177,-9,-5,-11,-5.9,-12,-6.3,-16,-8.8,-5,-2.8,-6,-3.2,FALSE,FALSE,FALSE,TRUE,TRUE,TRUE,FALSE,FALSE
"99",99,2016,981004,TRUE,TRUE,TRUE,TRUE,TRUE,FALSE,TRUE,TRUE,TRUE,211,200,237,262,120,153,146,177,-9,-5,26,21.6,33,27.3,51,24.1,26,12.4,-11,-5.2,FALSE,TRUE,TRUE,TRUE,TRUE,TRUE,TRUE,TRUE
"100",100,2016,981006,FALSE,TRUE,FALSE,FALSE,FALSE,FALSE,FALSE,FALSE,TRUE,124,161,125,124,125,129,144,177,-9,-5,19,14.9,4,2.8,0,-0.3,1,0.7,37,30,FALSE,TRUE,TRUE,TRUE,TRUE,TRUE,TRUE,FALSE
"101",101,2016,981008,FALSE,TRUE,TRUE,TRUE,FALSE,FALSE,TRUE,TRUE,TRUE,158,176,147,159,161,137,150,149,-12,-7.2,-11,-7.1,-24,-14.6,1,0.9,-11,-7.1,18,11.5,FALSE,FALSE,FALSE,TRUE,TRUE,FALSE,FALSE,FALSE
"102",102,2016,981010,FALSE,TRUE,TRUE,TRUE,TRUE,TRUE,TRUE,TRUE,TRUE,172,186,163,174,173,160,154,142,-31,-18.1,-19,-10.9,-13,-7.7,2,1.2,-9,-5.5,14,7.9,FALSE,FALSE,FALSE,FALSE,FALSE,FALSE,FALSE,FALSE
"103",103,2016,981012,FALSE,TRUE,TRUE,FALSE,FALSE,FALSE,TRUE,FALSE,TRUE,172,167,155,184,173,163,172,167,-6,-3.3,-1,-0.5,-10,-5.9,12,6.8,-17,-9.6,-5,-3.1,FALSE,TRUE,FALSE,TRUE,TRUE,TRUE,FALSE,FALSE
"104",104,2016,981014,TRUE,TRUE,TRUE,TRUE,TRUE,TRUE,TRUE,TRUE,TRUE,171,167,162,194,149,151,150,151,2,1.6,1,0.8,2,1.5,23,13.4,-9,-5.1,-4,-2.6,TRUE,TRUE,TRUE,TRUE,TRUE,TRUE,TRUE,TRUE
"105",105,2016,981016,FALSE,FALSE,FALSE,FALSE,FALSE,FALSE,TRUE,FALSE,FALSE,138,164,157,132,139,131,145,142,3,2.4,6,4.2,-8,-6.1,-6,-4.6,19,13.5,26,18.6,TRUE,TRUE,FALSE,TRUE,TRUE,TRUE,TRUE,TRUE
"106",106,2016,981018,FALSE,FALSE,FALSE,TRUE,TRUE,TRUE,TRUE,TRUE,TRUE,158,107,140,150,159,121,124,132,-27,-17.1,-35,-22.1,-38,-23.7,-8,-5.1,-18,-11.1,-51,-32.1,FALSE,FALSE,FALSE,FALSE,FALSE,FALSE,TRUE,TRUE
"107",107,2016,981020,TRUE,FALSE,TRUE,FALSE,TRUE,FALSE,TRUE,TRUE,TRUE,162,167,150,157,140,154,151,149,9,6.4,11,8,14,9.7,-5,-3.2,-12,-7.5,5,3.3,TRUE,TRUE,TRUE,FALSE,TRUE,FALSE,TRUE,FALSE
"108",108,2016,981022,FALSE,FALSE,FALSE,FALSE,TRUE,TRUE,TRUE,TRUE,TRUE,162,131,150,149,163,147,129,142,-21,-13.1,-34,-21,-16,-10.1,-13,-7.7,-12,-7.6,-31,-19,FALSE,FALSE,FALSE,FALSE,FALSE,TRUE,TRUE,TRUE
"109",109,2016,981024,TRUE,TRUE,TRUE,TRUE,FALSE,FALSE,TRUE,TRUE,TRUE,208,194,183,188,200,188,208,196,-4,-2.2,8,3.9,-12,-5.8,-20,-9.4,-25,-11.9,-14,-6.9,TRUE,TRUE,TRUE,FALSE,FALSE,TRUE,TRUE,TRUE
"110",110,2017,1082591,TRUE,TRUE,TRUE,TRUE,TRUE,TRUE,TRUE,TRUE,TRUE,207,177,184,207,172,178,186,174,2,1.3,14,8,6,3.3,0,-0.2,-23,-11.2,-30,-14.6,TRUE,TRUE,TRUE,TRUE,TRUE,TRUE,TRUE,TRUE
"111",111,2017,1082592,FALSE,TRUE,TRUE,TRUE,FALSE,FALSE,TRUE,TRUE,TRUE,184,185,170,164,187,172,178,182,-5,-2.7,-9,-4.7,-15,-8,-20,-10.8,-14,-7.7,1,0.4,FALSE,FALSE,FALSE,TRUE,TRUE,FALSE,FALSE,FALSE
"112",112,2017,1082593,FALSE,FALSE,TRUE,FALSE,FALSE,FALSE,FALSE,FALSE,FALSE,183,163,175,173,184,184,194,217,33,17.7,10,5.5,0,0.1,-10,-5.5,-8,-4.3,-20,-11,TRUE,TRUE,TRUE,TRUE,TRUE,TRUE,FALSE,TRUE
"113",113,2017,1082594,FALSE,FALSE,FALSE,FALSE,FALSE,FALSE,TRUE,TRUE,TRUE,163,149,140,152,164,151,150,160,-4,-2.7,-14,-8.5,-13,-8.1,-11,-6.5,-23,-14.4,-14,-8.8,FALSE,FALSE,FALSE,TRUE,TRUE,TRUE,TRUE,TRUE
"114",114,2017,1082595,TRUE,TRUE,TRUE,TRUE,TRUE,TRUE,TRUE,TRUE,TRUE,157,153,146,170,142,134,138,143,1,0.5,-4,-2.8,-8,-5.7,13,8,-11,-7.1,-4,-2.6,TRUE,TRUE,TRUE,TRUE,TRUE,TRUE,TRUE,TRUE
"115",115,2017,1082596,FALSE,FALSE,FALSE,FALSE,FALSE,FALSE,FALSE,FALSE,FALSE,135,145,127,149,140,143,148,164,24,17.4,8,5.7,3,2.4,14,10.3,-8,-5.7,10,7.5,TRUE,TRUE,TRUE,TRUE,TRUE,TRUE,TRUE,TRUE
"116",116,2017,1082597,FALSE,FALSE,FALSE,FALSE,FALSE,FALSE,TRUE,TRUE,TRUE,178,173,164,166,180,174,162,163,-17,-9.5,-18,-9.8,-6,-3.5,-12,-6.8,-14,-7.7,-5,-3.1,FALSE,FALSE,FALSE,TRUE,TRUE,TRUE,TRUE,TRUE
"117",117,2017,1082598,FALSE,TRUE,FALSE,FALSE,FALSE,FALSE,FALSE,FALSE,FALSE,148,129,138,121,150,151,151,180,30,19.7,1,0.6,1,0.6,-27,-18.5,-10,-6.6,-19,-12.8,TRUE,TRUE,TRUE,TRUE,TRUE,TRUE,TRUE,FALSE
"118",118,2017,1082599,TRUE,FALSE,TRUE,TRUE,TRUE,TRUE,TRUE,TRUE,TRUE,205,180,170,181,108,174,160,157,49,45.2,52,48.4,66,61.2,-24,-11.8,-35,-17.3,-25,-12.2,TRUE,TRUE,TRUE,TRUE,TRUE,TRUE,TRUE,FALSE
"119",119,2017,1082600,FALSE,FALSE,FALSE,FALSE,FALSE,FALSE,TRUE,TRUE,TRUE,158,162,182,166,159,153,153,148,-11,-6.8,-6,-3.6,-6,-3.6,8,5,24,15,4,2.5,FALSE,FALSE,FALSE,TRUE,TRUE,TRUE,TRUE,TRUE
"120",120,2017,1082601,FALSE,FALSE,TRUE,FALSE,FALSE,FALSE,FALSE,FALSE,FALSE,170,182,189,180,171,171,185,190,19,11.2,14,8.3,0,0.2,10,5.8,19,11.4,12,6.8,TRUE,TRUE,TRUE,TRUE,TRUE,TRUE,FALSE,TRUE
"121",121,2017,1082602,FALSE,FALSE,FALSE,TRUE,TRUE,FALSE,TRUE,TRUE,TRUE,142,170,163,170,145,117,117,127,-18,-12.6,-28,-19.2,-28,-19.3,28,19.9,21,14.6,28,20,FALSE,FALSE,FALSE,TRUE,FALSE,FALSE,TRUE,TRUE
"122",122,2017,1082603,FALSE,FALSE,FALSE,FALSE,FALSE,FALSE,FALSE,FALSE,TRUE,171,172,165,162,172,171,173,167,-5,-2.7,1,0.5,-1,-0.4,-9,-5.5,-6,-3.5,1,0.7,FALSE,TRUE,TRUE,TRUE,TRUE,TRUE,TRUE,TRUE
"123",123,2017,1082604,TRUE,TRUE,TRUE,FALSE,TRUE,TRUE,TRUE,TRUE,TRUE,172,154,167,177,155,158,145,145,-10,-6.5,-10,-6.4,3,1.9,5,2.7,-5,-2.7,-18,-10.7,TRUE,TRUE,TRUE,TRUE,TRUE,FALSE,TRUE,TRUE
"124",124,2017,1082605,TRUE,TRUE,TRUE,TRUE,TRUE,TRUE,TRUE,TRUE,TRUE,188,177,175,166,137,154,154,143,6,4.7,17,12.3,17,12.4,-22,-11.9,-13,-7.2,-11,-5.6,TRUE,TRUE,TRUE,TRUE,TRUE,TRUE,TRUE,TRUE
"125",125,2017,1082606,FALSE,FALSE,FALSE,FALSE,FALSE,FALSE,TRUE,FALSE,TRUE,176,154,163,166,177,173,181,171,-6,-3.4,4,2.3,-4,-2.2,-10,-5.8,-13,-7.3,-22,-12.2,FALSE,TRUE,FALSE,TRUE,TRUE,TRUE,TRUE,TRUE
"126",126,2017,1082607,TRUE,FALSE,FALSE,FALSE,FALSE,TRUE,TRUE,TRUE,TRUE,161,178,161,171,134,144,149,143,9,7,15,10.9,10,7.6,10,6.3,0,0.2,17,10.6,TRUE,TRUE,TRUE,TRUE,FALSE,FALSE,FALSE,FALSE
"127",127,2017,1082608,FALSE,FALSE,FALSE,TRUE,FALSE,FALSE,TRUE,TRUE,FALSE,168,185,175,156,169,154,162,176,7,4.2,-7,-4.1,-15,-9.2,-12,-7.2,7,3.9,17,9.9,TRUE,FALSE,FALSE,TRUE,TRUE,FALSE,TRUE,TRUE
"128",128,2017,1082609,TRUE,TRUE,TRUE,TRUE,TRUE,TRUE,TRUE,TRUE,TRUE,159,150,138,158,154,141,128,122,-32,-20.7,-26,-17,-13,-8.5,-1,-0.4,-21,-13,-9,-5.4,TRUE,TRUE,TRUE,TRUE,TRUE,TRUE,TRUE,TRUE
"129",129,2017,1082610,TRUE,TRUE,TRUE,TRUE,TRUE,TRUE,TRUE,TRUE,TRUE,213,174,196,212,192,174,186,181,-11,-6,-6,-2.9,-18,-9.4,-1,-0.3,-17,-7.9,-39,-18.4,TRUE,TRUE,TRUE,TRUE,TRUE,TRUE,TRUE,TRUE
"130",130,2017,1082611,TRUE,FALSE,TRUE,TRUE,TRUE,TRUE,TRUE,TRUE,TRUE,191,159,177,197,176,169,174,159,-17,-9.4,-2,-1.1,-7,-3.7,6,3.1,-14,-7.1,-32,-16.5,TRUE,TRUE,TRUE,TRUE,TRUE,TRUE,TRUE,FALSE
"131",131,2017,1082612,FALSE,FALSE,TRUE,FALSE,FALSE,FALSE,TRUE,FALSE,FALSE,198,168,166,195,199,192,206,214,15,7.6,7,3.7,-7,-3.5,-3,-1.7,-32,-16,-30,-15.3,TRUE,TRUE,FALSE,TRUE,TRUE,TRUE,FALSE,TRUE
"132",132,2017,1082613,FALSE,FALSE,TRUE,FALSE,FALSE,FALSE,TRUE,TRUE,TRUE,187,189,194,197,188,181,172,176,-12,-6.4,-16,-8.4,-7,-3.7,10,5.4,7,3.7,2,1.1,FALSE,FALSE,FALSE,TRUE,TRUE,TRUE,FALSE,TRUE
"133",133,2017,1082614,TRUE,TRUE,TRUE,TRUE,TRUE,TRUE,TRUE,TRUE,TRUE,142,169,150,149,128,99,105,118,-10,-7.7,-23,-18.3,-29,-22.4,7,4.8,8,6,27,18.8,TRUE,TRUE,TRUE,TRUE,TRUE,TRUE,TRUE,TRUE
"134",134,2017,1082615,FALSE,FALSE,TRUE,FALSE,FALSE,TRUE,TRUE,FALSE,TRUE,176,173,163,169,179,171,177,159,-20,-11.2,-2,-1.3,-8,-4.5,-7,-3.8,-13,-7.1,-3,-1.9,FALSE,TRUE,FALSE,FALSE,TRUE,TRUE,FALSE,TRUE
"135",135,2017,1082616,TRUE,FALSE,TRUE,TRUE,TRUE,TRUE,TRUE,TRUE,TRUE,188,168,179,179,162,156,157,147,-15,-9,-5,-3.2,-6,-3.4,-9,-5,-9,-4.9,-20,-10.5,TRUE,TRUE,TRUE,TRUE,TRUE,TRUE,TRUE,FALSE
"136",136,2017,1082618,TRUE,FALSE,FALSE,FALSE,FALSE,FALSE,TRUE,TRUE,TRUE,160,167,173,163,157,151,139,150,-7,-4.5,-18,-11.5,-6,-4,3,2.1,13,7.8,7,4.3,TRUE,TRUE,TRUE,FALSE,FALSE,FALSE,FALSE,FALSE
"137",137,2017,1082620,FALSE,FALSE,FALSE,FALSE,FALSE,FALSE,TRUE,FALSE,FALSE,182,175,171,181,184,168,189,203,19,10.1,5,2.7,-16,-8.4,-1,-0.8,-11,-6,-7,-4,TRUE,TRUE,FALSE,TRUE,TRUE,TRUE,TRUE,TRUE
"138",138,2017,1082621,FALSE,TRUE,FALSE,FALSE,FALSE,FALSE,TRUE,TRUE,FALSE,134,136,132,140,135,121,132,203,19,10.1,-3,-2.3,-14,-10.1,6,4.3,-2,-1.8,2,1.8,TRUE,FALSE,FALSE,TRUE,TRUE,TRUE,TRUE,FALSE
"139",139,2017,1082622,FALSE,FALSE,FALSE,FALSE,FALSE,FALSE,TRUE,FALSE,FALSE,160,175,174,186,161,155,176,178,17,10.7,15,9.1,-6,-3.5,26,16.5,14,8.8,15,9.6,TRUE,TRUE,FALSE,TRUE,TRUE,TRUE,TRUE,TRUE
"140",140,2017,1082623,TRUE,TRUE,TRUE,TRUE,TRUE,TRUE,TRUE,TRUE,TRUE,207,190,204,208,181,167,163,172,-9,-5.1,-18,-10.2,-14,-7.9,1,0.6,-3,-1.6,-17,-8.2,TRUE,TRUE,TRUE,TRUE,TRUE,TRUE,TRUE,TRUE
"141",141,2017,1082624,TRUE,FALSE,FALSE,FALSE,TRUE,TRUE,TRUE,TRUE,TRUE,157,153,147,159,96,139,119,112,16,16.4,23,24.4,43,45.3,2,1.4,-10,-6.2,-4,-2.8,TRUE,TRUE,TRUE,TRUE,TRUE,FALSE,FALSE,FALSE
"142",142,2017,1082625,FALSE,FALSE,FALSE,FALSE,FALSE,FALSE,FALSE,FALSE,TRUE,153,148,139,135,153,162,160,147,-6,-3.9,7,4.4,9,5.8,-18,-12,-14,-9.1,-5,-3.2,FALSE,FALSE,FALSE,FALSE,FALSE,FALSE,FALSE,FALSE
"143",143,2017,1082627,TRUE,FALSE,TRUE,TRUE,TRUE,TRUE,TRUE,TRUE,TRUE,209,210,230,213,161,177,186,183,22,13.6,25,15.3,16,10.2,4,2,21,9.9,1,0.5,TRUE,TRUE,TRUE,TRUE,TRUE,TRUE,TRUE,FALSE
"144",144,2017,1082628,FALSE,FALSE,FALSE,FALSE,FALSE,FALSE,TRUE,TRUE,TRUE,162,164,170,155,165,161,151,150,-15,-9.4,-14,-8.4,-4,-2.4,-7,-4.2,8,4.7,2,0.9,FALSE,FALSE,FALSE,TRUE,TRUE,TRUE,TRUE,TRUE
"145",145,2017,1082629,FALSE,FALSE,FALSE,TRUE,TRUE,TRUE,TRUE,TRUE,TRUE,161,168,162,164,167,123,124,133,-34,-20.1,-43,-26,-44,-26.6,3,2.1,1,0.6,7,4.2,FALSE,FALSE,FALSE,FALSE,FALSE,FALSE,TRUE,TRUE
"146",146,2017,1082630,FALSE,FALSE,TRUE,FALSE,FALSE,FALSE,TRUE,TRUE,FALSE,185,185,173,167,189,182,184,191,2,1.3,-5,-2.9,-7,-3.7,-18,-10,-12,-6.5,0,-0.2,TRUE,FALSE,FALSE,TRUE,TRUE,TRUE,FALSE,TRUE
"147",147,2017,1082631,FALSE,FALSE,FALSE,FALSE,FALSE,FALSE,FALSE,TRUE,FALSE,155,143,137,153,158,156,151,157,-1,-0.8,-7,-4.7,-2,-1.1,-2,-1.3,-18,-11.4,-12,-8,TRUE,FALSE,TRUE,TRUE,TRUE,TRUE,TRUE,TRUE
"148",148,2017,1082632,FALSE,FALSE,TRUE,FALSE,FALSE,FALSE,TRUE,TRUE,FALSE,208,161,175,205,214,189,204,218,4,1.9,-10,-4.5,-25,-11.8,-3,-1.5,-33,-15.9,-47,-22.4,TRUE,FALSE,FALSE,TRUE,TRUE,TRUE,FALSE,TRUE
"149",149,2017,1082633,TRUE,FALSE,FALSE,FALSE,FALSE,TRUE,TRUE,TRUE,TRUE,138,148,138,127,119,131,126,116,-3,-2.3,7,6.1,12,9.7,-11,-7.8,0,0.1,10,7,TRUE,TRUE,TRUE,TRUE,FALSE,FALSE,FALSE,FALSE
"150",150,2017,1082634,TRUE,FALSE,FALSE,FALSE,FALSE,FALSE,TRUE,TRUE,TRUE,148,144,131,148,136,143,147,134,-2,-1.4,11,8.3,7,5.3,0,0.3,-17,-11.2,-4,-2.5,TRUE,TRUE,TRUE,FALSE,FALSE,FALSE,FALSE,FALSE
"151",151,2017,1082635,TRUE,TRUE,TRUE,TRUE,TRUE,FALSE,TRUE,TRUE,TRUE,212,189,184,205,66,148,134,134,-2,-1.4,68,103.5,82,124.4,-7,-3.2,-28,-13.1,-23,-11.1,TRUE,TRUE,TRUE,FALSE,TRUE,TRUE,TRUE,TRUE
"152",152,2017,1082636,FALSE,FALSE,FALSE,FALSE,FALSE,FALSE,FALSE,FALSE,FALSE,158,145,147,160,159,192,181,182,23,14.7,22,14,33,21,2,1.3,-11,-7,-13,-8.1,TRUE,TRUE,TRUE,TRUE,TRUE,TRUE,TRUE,TRUE
"153",153,2017,1082637,FALSE,FALSE,TRUE,FALSE,FALSE,FALSE,TRUE,TRUE,FALSE,189,161,179,185,192,178,189,189,-3,-1.5,-3,-1.6,-14,-7.5,-4,-2,-10,-5.3,-28,-14.8,TRUE,FALSE,FALSE,TRUE,TRUE,TRUE,FALSE,TRUE
"154",154,2017,1082638,FALSE,TRUE,FALSE,FALSE,FALSE,FALSE,TRUE,FALSE,FALSE,138,152,148,150,140,135,147,146,6,4,7,5.1,-5,-3.9,12,8.5,10,7.1,14,10.1,TRUE,TRUE,FALSE,TRUE,TRUE,TRUE,TRUE,FALSE
"155",155,2017,1082639,TRUE,FALSE,FALSE,FALSE,FALSE,FALSE,TRUE,TRUE,TRUE,167,157,148,170,153,163,160,157,4,2.3,7,4.3,10,6.7,3,1.6,-19,-11.6,-10,-6.2,TRUE,TRUE,TRUE,FALSE,FALSE,FALSE,FALSE,FALSE
"156",156,2017,1082640,FALSE,FALSE,TRUE,FALSE,FALSE,TRUE,TRUE,TRUE,TRUE,195,153,165,184,197,170,164,164,-33,-16.7,-33,-16.6,-27,-13.7,-11,-5.7,-30,-15.5,-42,-21.6,FALSE,FALSE,FALSE,FALSE,TRUE,TRUE,FALSE,TRUE
"157",157,2017,1082641,TRUE,FALSE,TRUE,TRUE,TRUE,TRUE,TRUE,TRUE,TRUE,230,193,220,228,223,199,199,190,-33,-14.9,-24,-10.6,-24,-10.7,-2,-0.9,-10,-4.2,-37,-16,TRUE,TRUE,TRUE,TRUE,TRUE,TRUE,TRUE,FALSE
"158",158,2017,1082642,TRUE,FALSE,FALSE,FALSE,FALSE,FALSE,TRUE,TRUE,TRUE,168,163,166,171,161,154,156,155,-6,-3.7,-5,-3.3,-7,-4.4,3,1.7,-2,-1.4,-5,-2.8,TRUE,TRUE,TRUE,FALSE,FALSE,FALSE,FALSE,FALSE
"159",159,2017,1082643,FALSE,FALSE,FALSE,FALSE,FALSE,FALSE,TRUE,FALSE,FALSE,154,180,200,157,158,147,154,163,5,3.1,-4,-2.3,-11,-6.9,3,2,46,30,26,17.2,TRUE,TRUE,FALSE,TRUE,TRUE,TRUE,TRUE,TRUE
"160",160,2017,1082644,TRUE,TRUE,TRUE,TRUE,TRUE,TRUE,TRUE,TRUE,TRUE,173,174,174,178,164,148,149,164,0,-0.2,-15,-9.1,-16,-9.6,5,3,1,0.5,1,0.7,TRUE,TRUE,TRUE,TRUE,TRUE,TRUE,TRUE,TRUE
"161",161,2017,1082646,TRUE,TRUE,TRUE,TRUE,TRUE,TRUE,TRUE,TRUE,TRUE,161,158,164,157,151,139,146,142,-9,-5.8,-5,-3.3,-12,-8.2,-4,-2.2,3,1.9,-3,-2,TRUE,TRUE,TRUE,TRUE,TRUE,TRUE,TRUE,TRUE
"162",162,2017,1082647,TRUE,FALSE,FALSE,FALSE,TRUE,TRUE,TRUE,TRUE,TRUE,162,139,144,152,142,137,138,140,-2,-1.6,-4,-3,-5,-3.3,-10,-6,-18,-11.2,-23,-14.3,TRUE,TRUE,TRUE,TRUE,TRUE,FALSE,FALSE,FALSE
"163",163,2017,1082649,FALSE,FALSE,FALSE,FALSE,FALSE,FALSE,TRUE,FALSE,FALSE,107,132,116,130,111,101,108,126,15,13.1,-3,-3,-10,-9,23,21.4,9,8,25,23.8,TRUE,TRUE,FALSE,TRUE,TRUE,TRUE,TRUE,TRUE
"164",164,2017,1082650,TRUE,TRUE,FALSE,FALSE,FALSE,FALSE,FALSE,FALSE,TRUE,129,143,145,114,128,130,129,120,-8,-6.5,1,1.1,2,1.5,-15,-11.8,16,12.4,14,10.5,TRUE,FALSE,FALSE,FALSE,FALSE,FALSE,FALSE,TRUE
"165",165,2018,7894,FALSE,FALSE,FALSE,TRUE,TRUE,TRUE,TRUE,TRUE,TRUE,169,153,162,167,176,143,129,143,-33,-18.6,-47,-26.8,-33,-18.9,-2,-1.2,-7,-4.4,-16,-9.7,FALSE,FALSE,FALSE,FALSE,FALSE,FALSE,TRUE,TRUE
"166",166,2018,7895,FALSE,TRUE,TRUE,FALSE,FALSE,FALSE,TRUE,TRUE,TRUE,172,168,172,168,168,166,169,166,-2,-1.3,1,0.7,-2,-0.9,-4,-2.5,0,-0.3,-4,-2.4,FALSE,FALSE,FALSE,TRUE,TRUE,TRUE,FALSE,FALSE
"167",167,2018,7896,FALSE,FALSE,TRUE,FALSE,FALSE,FALSE,TRUE,TRUE,FALSE,182,189,179,184,190,170,174,185,-5,-2.5,-16,-8.3,-20,-10.4,2,1.2,-3,-1.8,7,3.7,TRUE,FALSE,FALSE,TRUE,TRUE,TRUE,FALSE,TRUE
"168",168,2018,7897,FALSE,FALSE,FALSE,FALSE,FALSE,FALSE,FALSE,FALSE,FALSE,133,166,160,139,135,142,151,157,22,16.2,16,12.2,7,5.4,6,4.3,27,20.1,33,24.6,TRUE,TRUE,TRUE,TRUE,TRUE,TRUE,TRUE,TRUE
"169",169,2018,7898,FALSE,FALSE,TRUE,FALSE,TRUE,FALSE,TRUE,TRUE,TRUE,207,174,162,172,212,193,180,194,-18,-8.4,-32,-15.1,-19,-8.9,-35,-17,-45,-21.8,-33,-15.8,FALSE,FALSE,FALSE,TRUE,FALSE,TRUE,FALSE,TRUE
"170",170,2018,7899,TRUE,TRUE,TRUE,TRUE,TRUE,FALSE,TRUE,TRUE,TRUE,156,158,175,163,63,135,119,194,-18,-8.4,56,88.9,72,114.4,7,4.6,19,12.2,2,1,FALSE,TRUE,TRUE,TRUE,TRUE,TRUE,TRUE,TRUE
"171",171,2018,7900,FALSE,TRUE,FALSE,FALSE,FALSE,FALSE,FALSE,TRUE,TRUE,155,169,167,163,155,159,147,149,-6,-3.6,-8,-5.4,4,2.8,8,5.1,12,7.5,14,8.9,FALSE,FALSE,TRUE,TRUE,TRUE,TRUE,TRUE,FALSE
"172",172,2018,7901,FALSE,FALSE,FALSE,TRUE,FALSE,TRUE,TRUE,TRUE,TRUE,161,159,171,155,163,145,151,143,-20,-12.1,-12,-7.4,-18,-11.3,-6,-3.5,10,6.5,-2,-1.1,FALSE,FALSE,FALSE,FALSE,TRUE,FALSE,TRUE,TRUE
"173",173,2018,7902,FALSE,TRUE,TRUE,TRUE,TRUE,TRUE,TRUE,TRUE,TRUE,204,224,215,224,197,173,194,189,-8,-3.9,-3,-1.6,-24,-12,20,10,11,5.5,20,9.9,FALSE,FALSE,FALSE,FALSE,FALSE,FALSE,FALSE,FALSE
"174",174,2018,7903,FALSE,TRUE,FALSE,FALSE,FALSE,FALSE,TRUE,TRUE,TRUE,145,166,162,151,144,137,133,144,0,0.2,-11,-7.4,-7,-4.8,6,4.3,17,11.8,21,14.6,FALSE,FALSE,FALSE,TRUE,TRUE,TRUE,TRUE,FALSE
"175",175,2018,7904,TRUE,FALSE,TRUE,TRUE,TRUE,TRUE,TRUE,TRUE,TRUE,231,171,172,191,204,198,200,191,-13,-6.5,-4,-2.1,-6,-3,-40,-17.2,-59,-25.6,-60,-26.1,TRUE,TRUE,TRUE,TRUE,TRUE,TRUE,TRUE,FALSE
"176",176,2018,7905,TRUE,FALSE,TRUE,TRUE,TRUE,TRUE,TRUE,TRUE,TRUE,198,204,214,200,206,179,179,176,-30,-14.5,-27,-13.1,-27,-13.2,2,0.9,16,8.1,6,3.2,TRUE,TRUE,TRUE,TRUE,TRUE,TRUE,TRUE,FALSE
"177",177,2018,7906,TRUE,TRUE,TRUE,TRUE,TRUE,TRUE,TRUE,TRUE,TRUE,206,165,177,190,136,177,185,176,-30,-14.5,49,35.9,41,30.3,-16,-7.8,-29,-14,-41,-19.9,TRUE,TRUE,TRUE,TRUE,TRUE,TRUE,TRUE,TRUE
"178",178,2018,7907,TRUE,TRUE,TRUE,TRUE,TRUE,TRUE,TRUE,TRUE,TRUE,230,191,201,208,173,188,191,170,-3,-1.5,18,10.3,15,8.8,-22,-9.4,-29,-12.6,-39,-16.8,TRUE,TRUE,TRUE,TRUE,TRUE,TRUE,TRUE,TRUE
"179",179,2018,7908,FALSE,TRUE,TRUE,FALSE,FALSE,FALSE,TRUE,TRUE,TRUE,165,172,163,158,166,156,159,159,-7,-4.1,-7,-4.1,-10,-5.9,-7,-3.9,-2,-1.3,7,4,FALSE,FALSE,FALSE,TRUE,TRUE,TRUE,FALSE,FALSE
"180",180,2018,7909,TRUE,FALSE,TRUE,TRUE,TRUE,TRUE,TRUE,TRUE,TRUE,201,183,186,203,191,167,173,174,-17,-8.8,-18,-9.5,-24,-12.6,2,0.9,-15,-7.6,-18,-9.2,TRUE,TRUE,TRUE,TRUE,TRUE,TRUE,TRUE,FALSE
"181",181,2018,7910,TRUE,FALSE,TRUE,TRUE,TRUE,TRUE,TRUE,TRUE,TRUE,210,193,207,216,148,157,171,163,15,10.3,23,15.9,9,6.4,6,2.9,-3,-1.2,-17,-8.2,TRUE,TRUE,TRUE,TRUE,TRUE,TRUE,TRUE,FALSE
"182",182,2018,7911,FALSE,TRUE,TRUE,FALSE,FALSE,TRUE,TRUE,TRUE,TRUE,200,172,172,203,128,185,196,163,15,10.3,68,52.9,57,44.8,3,1.4,-28,-14,-28,-14.1,TRUE,FALSE,FALSE,TRUE,TRUE,TRUE,FALSE,FALSE
"183",183,2018,7912,FALSE,FALSE,FALSE,TRUE,TRUE,FALSE,TRUE,TRUE,TRUE,186,141,151,160,180,162,171,179,-1,-0.6,-9,-5.2,-18,-10.2,-26,-14,-35,-18.7,-45,-24.4,FALSE,FALSE,FALSE,TRUE,FALSE,FALSE,TRUE,TRUE
"184",184,2018,7913,TRUE,TRUE,TRUE,TRUE,TRUE,TRUE,TRUE,TRUE,TRUE,186,149,150,180,180,147,152,150,-30,-16.5,-28,-15.4,-33,-18.6,-6,-3.4,-36,-19.5,-37,-20.1,TRUE,TRUE,TRUE,TRUE,TRUE,TRUE,TRUE,TRUE
"185",185,2018,7914,FALSE,TRUE,TRUE,TRUE,TRUE,FALSE,TRUE,TRUE,TRUE,172,167,196,197,174,141,146,163,-11,-6.3,-28,-16,-33,-19.2,25,14.6,24,14,-5,-2.8,FALSE,FALSE,FALSE,TRUE,FALSE,FALSE,FALSE,FALSE
"186",186,2018,7915,TRUE,FALSE,FALSE,FALSE,TRUE,TRUE,TRUE,TRUE,TRUE,157,166,154,150,148,145,139,140,-8,-5.5,-9,-5.8,-3,-2,-7,-4.2,-3,-1.7,9,5.9,TRUE,TRUE,TRUE,TRUE,TRUE,FALSE,FALSE,FALSE
"187",187,2018,7916,TRUE,FALSE,FALSE,TRUE,FALSE,TRUE,TRUE,TRUE,TRUE,130,157,166,155,89,107,116,109,20,22.4,27,30.7,18,20.5,25,19.4,36,28,27,20.9,TRUE,TRUE,TRUE,TRUE,FALSE,TRUE,FALSE,FALSE
"188",188,2018,7917,FALSE,FALSE,TRUE,TRUE,TRUE,TRUE,TRUE,TRUE,TRUE,213,180,185,190,218,178,169,188,-30,-13.5,-49,-22.6,-40,-18.5,-23,-10.9,-28,-13.2,-33,-15.7,FALSE,FALSE,FALSE,FALSE,FALSE,FALSE,FALSE,TRUE
"189",189,2018,7918,TRUE,TRUE,FALSE,FALSE,FALSE,TRUE,FALSE,TRUE,TRUE,140,140,147,152,121,141,132,120,-1,-1.1,11,8.7,20,16.7,12,8.8,7,5.2,0,-0.1,TRUE,TRUE,FALSE,TRUE,FALSE,FALSE,FALSE,TRUE
"190",190,2018,7919,TRUE,FALSE,TRUE,TRUE,TRUE,TRUE,TRUE,TRUE,TRUE,223,187,181,191,168,177,183,190,22,13.3,15,9,9,5.3,-32,-14.5,-42,-19,-36,-16.3,TRUE,TRUE,TRUE,TRUE,TRUE,TRUE,TRUE,FALSE
"191",191,2018,7920,FALSE,FALSE,FALSE,FALSE,FALSE,FALSE,TRUE,TRUE,FALSE,176,173,193,176,180,170,169,178,-2,-1.1,-11,-6,-10,-5.4,0,-0.2,17,9.8,-3,-1.5,TRUE,FALSE,FALSE,TRUE,TRUE,TRUE,TRUE,TRUE
"192",192,2018,7921,TRUE,FALSE,FALSE,FALSE,FALSE,FALSE,TRUE,TRUE,TRUE,152,158,168,171,141,145,151,134,-7,-4.9,10,6.9,4,2.6,19,12.7,16,10.3,6,4,TRUE,TRUE,TRUE,FALSE,FALSE,FALSE,FALSE,FALSE
"193",193,2018,7922,FALSE,FALSE,TRUE,FALSE,FALSE,FALSE,TRUE,TRUE,TRUE,185,182,159,166,184,174,172,179,-5,-2.6,-12,-6.7,-10,-5.4,-19,-10.1,-26,-13.9,-3,-1.6,FALSE,FALSE,FALSE,TRUE,TRUE,TRUE,FALSE,TRUE
"194",194,2018,7923,TRUE,TRUE,TRUE,TRUE,TRUE,TRUE,TRUE,TRUE,TRUE,218,188,203,191,206,181,164,177,-29,-14.1,-42,-20.2,-25,-12.4,-27,-12.5,-15,-6.7,-30,-13.8,TRUE,TRUE,TRUE,TRUE,TRUE,TRUE,TRUE,TRUE
"195",195,2018,7924,TRUE,FALSE,FALSE,TRUE,FALSE,FALSE,TRUE,TRUE,TRUE,173,175,178,181,176,149,156,163,-13,-7.6,-20,-11.4,-27,-15.3,8,4.6,5,2.7,2,1.2,TRUE,TRUE,TRUE,FALSE,FALSE,TRUE,FALSE,FALSE
"196",196,2018,7925,TRUE,FALSE,TRUE,FALSE,FALSE,FALSE,TRUE,TRUE,TRUE,203,181,193,224,150,199,191,163,-13,-7.6,41,27.4,49,32.8,21,10.3,-10,-5.1,-22,-10.8,TRUE,TRUE,TRUE,FALSE,FALSE,FALSE,TRUE,FALSE
"197",197,2018,7926,FALSE,TRUE,TRUE,TRUE,FALSE,FALSE,TRUE,TRUE,TRUE,184,181,190,166,192,166,169,178,-14,-7.5,-23,-11.8,-26,-13.5,-18,-9.6,6,3.4,-3,-1.9,FALSE,FALSE,FALSE,TRUE,TRUE,FALSE,FALSE,FALSE
"198",198,2018,7927,FALSE,FALSE,TRUE,TRUE,TRUE,TRUE,TRUE,TRUE,TRUE,184,179,184,181,182,162,164,169,-13,-7.3,-18,-9.7,-20,-11.1,-3,-1.8,0,-0.2,-5,-2.4,FALSE,FALSE,FALSE,FALSE,FALSE,FALSE,FALSE,TRUE
"199",199,2018,7928,FALSE,FALSE,FALSE,FALSE,FALSE,FALSE,FALSE,FALSE,TRUE,131,180,156,124,135,141,140,128,-7,-5.4,5,3.6,6,4.1,-7,-5.1,25,19.4,49,37.4,FALSE,TRUE,TRUE,TRUE,TRUE,TRUE,TRUE,TRUE
"200",200,2018,7929,FALSE,FALSE,TRUE,FALSE,FALSE,FALSE,FALSE,TRUE,TRUE,166,178,193,183,170,173,166,163,-7,-4.3,-4,-2.5,3,1.9,17,10.1,27,16.1,12,7.1,FALSE,FALSE,TRUE,TRUE,TRUE,TRUE,FALSE,TRUE
"201",201,2018,7930,TRUE,TRUE,TRUE,TRUE,TRUE,TRUE,TRUE,TRUE,TRUE,187,187,195,184,177,159,170,166,-11,-6.3,-7,-3.8,-18,-10.3,-3,-1.4,8,4.3,0,-0.1,TRUE,TRUE,TRUE,TRUE,TRUE,TRUE,TRUE,TRUE
"202",202,2018,7931,FALSE,FALSE,FALSE,TRUE,FALSE,TRUE,TRUE,TRUE,TRUE,160,159,178,152,158,138,145,142,-16,-10.2,-13,-8.3,-20,-12.8,-8,-4.9,18,11.3,-1,-0.6,FALSE,FALSE,FALSE,FALSE,TRUE,FALSE,TRUE,TRUE
"203",203,2018,7932,TRUE,TRUE,FALSE,FALSE,FALSE,TRUE,TRUE,TRUE,TRUE,155,154,149,166,146,153,148,136,-10,-7.1,2,1.6,7,4.9,11,7.1,-6,-3.6,-1,-0.8,TRUE,TRUE,TRUE,TRUE,FALSE,FALSE,FALSE,TRUE
"204",204,2018,7933,TRUE,FALSE,FALSE,TRUE,TRUE,TRUE,TRUE,TRUE,TRUE,161,179,174,173,149,142,138,137,-12,-8.2,-11,-7.2,-7,-4.6,12,7.5,13,8,18,11.4,TRUE,TRUE,TRUE,TRUE,TRUE,TRUE,FALSE,FALSE
"205",205,2018,7934,TRUE,TRUE,TRUE,TRUE,TRUE,TRUE,TRUE,TRUE,TRUE,217,170,169,201,109,171,160,141,32,29.5,51,46.9,62,56.8,-16,-7.4,-48,-22.3,-47,-21.7,TRUE,TRUE,TRUE,TRUE,TRUE,TRUE,TRUE,TRUE
"206",206,2018,7935,FALSE,FALSE,TRUE,TRUE,FALSE,FALSE,TRUE,TRUE,FALSE,190,146,137,162,193,170,180,195,2,1.3,-13,-6.5,-23,-11.9,-28,-14.9,-53,-27.8,-44,-23,TRUE,FALSE,FALSE,TRUE,TRUE,FALSE,FALSE,TRUE
"207",207,2018,7936,FALSE,FALSE,TRUE,TRUE,TRUE,TRUE,TRUE,TRUE,TRUE,188,184,195,188,180,165,173,164,-16,-9,-7,-3.7,-15,-8.2,0,0,7,3.9,-4,-2.3,FALSE,FALSE,FALSE,FALSE,FALSE,FALSE,FALSE,TRUE
"208",208,2018,7937,TRUE,TRUE,TRUE,TRUE,TRUE,TRUE,TRUE,TRUE,TRUE,250,178,207,220,221,190,189,203,-18,-8.4,-32,-14.5,-31,-14,-30,-11.9,-43,-17.4,-72,-29,TRUE,TRUE,TRUE,TRUE,TRUE,TRUE,TRUE,TRUE
"209",209,2018,7938,FALSE,FALSE,TRUE,FALSE,FALSE,FALSE,TRUE,TRUE,FALSE,188,159,173,179,198,173,184,189,-9,-4.5,-14,-7.1,-25,-12.9,-9,-5,-15,-8.2,-29,-15.3,TRUE,FALSE,FALSE,TRUE,TRUE,TRUE,FALSE,TRUE
"210",210,2018,7939,FALSE,FALSE,TRUE,FALSE,FALSE,FALSE,TRUE,TRUE,TRUE,192,149,167,200,181,177,184,189,8,4.4,3,1.9,-4,-2.2,8,4.3,-25,-13.2,-43,-22.2,FALSE,FALSE,FALSE,TRUE,TRUE,TRUE,FALSE,TRUE
"211",211,2018,7940,FALSE,TRUE,TRUE,FALSE,FALSE,FALSE,TRUE,TRUE,TRUE,177,186,196,171,181,169,174,172,-9,-5,-7,-3.9,-12,-6.7,-6,-3.2,19,10.8,9,4.9,FALSE,FALSE,FALSE,TRUE,TRUE,TRUE,FALSE,FALSE
"212",212,2018,7941,FALSE,FALSE,FALSE,FALSE,TRUE,FALSE,FALSE,TRUE,TRUE,93,154,141,116,96,132,76,172,-9,-5,-20,-20.5,36,37.5,23,25.1,48,51.6,61,65.8,FALSE,FALSE,TRUE,TRUE,FALSE,TRUE,TRUE,TRUE
"213",213,2018,7942,FALSE,TRUE,FALSE,FALSE,FALSE,FALSE,TRUE,TRUE,FALSE,144,187,175,146,147,143,141,146,-1,-0.5,-6,-3.8,-4,-3,2,1.3,31,21.4,43,30.2,TRUE,FALSE,FALSE,TRUE,TRUE,TRUE,TRUE,FALSE
"214",214,2018,7943,TRUE,TRUE,TRUE,TRUE,TRUE,FALSE,TRUE,TRUE,TRUE,197,174,165,201,192,173,178,180,-12,-6.2,-14,-7.5,-19,-9.8,4,2.1,-32,-16.5,-23,-11.4,TRUE,TRUE,TRUE,FALSE,TRUE,TRUE,TRUE,TRUE
"215",215,2018,7944,TRUE,FALSE,TRUE,TRUE,TRUE,FALSE,TRUE,TRUE,TRUE,222,167,176,198,209,182,183,198,-11,-5.4,-26,-12.5,-27,-12.7,-24,-10.9,-46,-20.9,-55,-24.8,TRUE,TRUE,TRUE,FALSE,TRUE,TRUE,TRUE,FALSE
"216",216,2018,7945,TRUE,FALSE,FALSE,FALSE,FALSE,TRUE,TRUE,TRUE,TRUE,171,163,180,148,130,168,161,146,16,12.2,31,23.9,38,29.1,-23,-13.5,9,5.1,-8,-5,TRUE,TRUE,TRUE,TRUE,FALSE,FALSE,FALSE,FALSE
"217",217,2018,7946,TRUE,FALSE,TRUE,FALSE,FALSE,TRUE,TRUE,TRUE,TRUE,174,164,179,171,137,163,157,139,2,1.2,20,14.6,26,18.6,-3,-1.5,5,2.9,-10,-5.9,TRUE,TRUE,TRUE,TRUE,FALSE,FALSE,TRUE,FALSE
"218",218,2018,7947,FALSE,FALSE,TRUE,FALSE,FALSE,FALSE,TRUE,TRUE,TRUE,183,198,198,207,180,179,180,177,-3,-1.8,0,0,-1,-0.4,24,13,15,8.2,15,8.1,FALSE,FALSE,FALSE,TRUE,TRUE,TRUE,FALSE,TRUE
"219",219,2018,7948,TRUE,FALSE,FALSE,FALSE,FALSE,TRUE,TRUE,TRUE,TRUE,186,161,170,179,170,177,159,166,-4,-2.1,-11,-6.3,7,4.1,-7,-3.7,-16,-8.4,-25,-13.5,TRUE,TRUE,TRUE,TRUE,FALSE,FALSE,FALSE,FALSE
"220",220,2018,7949,FALSE,FALSE,FALSE,TRUE,TRUE,TRUE,TRUE,TRUE,TRUE,164,136,163,152,168,137,140,142,-26,-15.5,-28,-16.7,-31,-18.4,-12,-7,-1,-0.4,-28,-17.1,FALSE,FALSE,FALSE,FALSE,FALSE,FALSE,TRUE,TRUE
"221",221,2018,7950,FALSE,FALSE,FALSE,TRUE,TRUE,TRUE,TRUE,TRUE,TRUE,148,151,144,132,145,135,127,129,-16,-10.7,-18,-12.3,-10,-7,-16,-11.1,-4,-2.5,3,2,FALSE,FALSE,FALSE,FALSE,FALSE,FALSE,TRUE,TRUE
"222",222,2018,7951,TRUE,FALSE,FALSE,FALSE,FALSE,FALSE,TRUE,TRUE,TRUE,179,154,150,165,145,167,178,168,23,16,33,23,22,14.8,-14,-7.8,-29,-16.3,-25,-14.2,TRUE,TRUE,TRUE,FALSE,FALSE,FALSE,FALSE,FALSE
"223",223,2018,7952,TRUE,FALSE,TRUE,FALSE,FALSE,TRUE,TRUE,TRUE,TRUE,179,176,173,169,163,178,171,161,-2,-1,8,5.1,15,9.5,-10,-5.7,-6,-3.5,-3,-1.8,TRUE,TRUE,TRUE,TRUE,FALSE,FALSE,TRUE,FALSE
"224",224,2018,7953,FALSE,FALSE,TRUE,TRUE,FALSE,FALSE,TRUE,TRUE,FALSE,186,162,169,184,187,161,173,195,8,4.3,-14,-7.4,-26,-14,-2,-1,-17,-9.4,-24,-12.7,TRUE,FALSE,FALSE,TRUE,TRUE,FALSE,FALSE,TRUE
